STA_SEQ,YLAT,XLONG,SDATE,SYEAR,BCG,MEM
14465,41.9608,-72.711,1989-11-01,1989,4,1
14226,41.5314,-72.8218,1989-11-02,1989,5,1
14479,41.7314,-72.7231,1989-11-02,1989,5,1
14314,41.8008,-72.1182,1989-11-07,1989,2,1
14391,41.6681,-72.9208,1989-11-28,1989,5,1
14383,41.6719,-72.8751,1990-10-31,1990,5,1
14389,41.6693,-72.9936,1990-10-31,1990,5,1
14390,41.6742,-72.9619,1990-10-31,1990,5,1
14393,41.7046,-72.8504,1990-11-02,1990,5,1
14132,42.0236,-73.341,1990-11-28,1990,3,1
14421,41.5185,-72.8258,1991-10-09,1991,6,1
14414,41.4501,-72.8407,1991-10-10,1991,5,1
14314,41.8008,-72.1182,1991-10-22,1991,2,1
14441,41.5742,-72.4294,1991-10-23,1991,3,1
14444,41.2945,-73.3948,1991-10-24,1991,3,1
14450,41.5489,-73.3308,1991-10-24,1991,3,1
14458,41.4389,-73.401,1991-10-24,1991,5,1
14465,41.9608,-72.711,1991-10-29,1991,4,1
14317,41.4435,-73.0642,1991-11-05,1991,5,1
14318,41.3387,-73.0806,1991-11-05,1991,5,1
14334,41.4834,-73.0523,1991-11-05,1991,5,1
14339,41.3189,-73.0818,1991-11-05,1991,5,1
14324,41.5571,-73.0544,1991-11-06,1991,5,1
14331,41.5051,-73.0469,1991-11-06,1991,5,1
14348,41.7631,-73.1173,1991-11-07,1991,5,1
14341,41.7891,-73.1145,1991-11-08,1991,5,1
14482,41.8181,-73.1441,1991-11-08,1991,4,1
14923,41.6596,-73.0779,1991-11-08,1991,5,1
14392,41.6738,-72.8977,1991-11-19,1991,5,1
14393,41.7046,-72.8504,1991-11-19,1991,5,1
14402,41.6912,-73.0045,1991-11-19,1991,3,1
14383,41.6719,-72.8751,1991-11-20,1991,5,1
14385,41.6789,-73.015,1991-11-20,1991,5,1
14389,41.6693,-72.9936,1991-11-20,1991,5,1
14288,41.6189,-72.7127,1992-10-23,1992,5,1
14284,41.5439,-73.0384,1992-10-28,1992,5,1
14413,41.528244,-72.856272,1992-10-28,1992,5,1
14235,41.7822,-72.5912,1992-10-29,1992,5,1
14414,41.4501,-72.8407,1992-10-29,1992,5,1
14389,41.6693,-72.9936,1992-11-10,1992,5,1
14390,41.6742,-72.9619,1992-11-10,1992,5,1
14392,41.6738,-72.8977,1992-11-10,1992,5,1
14393,41.7046,-72.8504,1992-11-10,1992,5,1
14413,41.528244,-72.856272,1993-10-06,1993,6,1
14182,41.6817,-73.354,1993-10-07,1993,5,1
14284,41.5439,-73.0384,1993-10-07,1993,6,1
14288,41.6189,-72.7127,1993-10-22,1993,5,1
14383,41.6719,-72.8751,1993-10-25,1993,5,1
14390,41.6742,-72.9619,1993-10-25,1993,5,1
14391,41.6681,-72.9208,1993-10-25,1993,5,1
14392,41.6738,-72.8977,1993-10-25,1993,5,1
14393,41.7046,-72.8504,1993-10-25,1993,5,1
14385,41.6789,-73.015,1993-10-26,1993,5,1
14388,41.678,-73.0002,1993-10-26,1993,5,1
14389,41.6693,-72.9936,1993-10-26,1993,5,1
14463,41.3898,-73.4637,1993-10-28,1993,5,1
14464,41.4063,-73.4253,1993-10-28,1993,5,1
15670,41.3921,-73.4285,1993-10-28,1993,6,1
14147,41.9147,-72.549,1993-11-03,1993,5,1
14235,41.7822,-72.5912,1993-11-08,1993,5,1
14237,41.7859,-72.5569,1993-11-08,1993,5,1
14244,41.7883,-72.5503,1993-11-08,1993,5,1
14293,41.0806,-73.5812,1993-11-09,1993,4,1
14277,41.6393,-72.0582,1993-11-16,1993,3,1
14278,41.6158,-72.0416,1993-11-16,1993,5,1
14414,41.4501,-72.8407,1994-10-05,1994,5,1
14420,41.5502,-72.8705,1994-10-05,1994,5,1
14388,41.678,-73.0002,1994-10-06,1994,5,1
14389,41.6693,-72.9936,1994-10-06,1994,5,1
14390,41.6742,-72.9619,1994-10-06,1994,5,1
14392,41.6738,-72.8977,1994-10-06,1994,5,1
14393,41.7046,-72.8504,1994-10-06,1994,5,1
14314,41.8008,-72.1182,1994-10-11,1994,2,1
14470,41.8272,-72.464,1994-10-11,1994,3,1
14492,41.8326,-72.3079,1994-10-11,1994,3,1
14441,41.5742,-72.4294,1994-10-13,1994,3,1
14288,41.6189,-72.7127,1994-10-17,1994,5,1
14442,41.974,-73.0406,1994-10-24,1994,2,1
14254,41.8906,-73.3576,1994-10-25,1994,4,1
14450,41.5489,-73.3308,1994-10-25,1994,3,1
14458,41.4389,-73.401,1994-10-26,1994,5,1
15670,41.3921,-73.4285,1994-10-26,1994,5,1
14444,41.2945,-73.3948,1994-11-03,1994,3,1
14344,41.7806,-73.1175,1994-11-09,1994,5,1
14399,41.573,-72.5015,1994-11-17,1994,5,1
14400,41.565,-72.5069,1994-11-17,1994,5,1
14188,41.588,-72.8977,1995-10-11,1995,4,1
14226,41.5314,-72.8218,1995-10-11,1995,5,1
14472,41.5655,-72.8905,1995-10-11,1995,5,1
14206,41.9548,-71.884,1995-10-12,1995,5,1
14410,42.022,-71.9528,1995-10-12,1995,4,1
14288,41.6189,-72.7127,1995-10-13,1995,5,1
14414,41.4501,-72.8407,1995-10-13,1995,5,1
14442,41.974,-73.0406,1995-10-18,1995,2,1
14482,41.8181,-73.1441,1995-10-18,1995,4,1
14316,41.6159,-73.0579,1995-10-19,1995,5,1
14317,41.4435,-73.0642,1995-10-19,1995,5,1
14235,41.7822,-72.5912,1995-10-27,1995,5,1
14446,41.8941,-72.5723,1995-10-27,1995,4,1
14383,41.6719,-72.8751,1995-11-27,1995,5,1
14390,41.6742,-72.9619,1995-11-27,1995,5,1
14392,41.6738,-72.8977,1995-11-27,1995,5,1
14393,41.7046,-72.8504,1995-11-27,1995,5,1
14406,41.4064,-73.272,1995-11-28,1995,3,1
14407,41.4142,-73.2823,1995-11-28,1995,3,1
14408,41.4144,-73.2825,1995-11-28,1995,3,1
14288,41.6189,-72.7127,1996-10-16,1996,5,1
14390,41.6742,-72.9619,1996-10-16,1996,5,1
14392,41.6738,-72.8977,1996-10-16,1996,5,1
14403,41.5491,-73.2165,1996-10-29,1996,3,1
14488,41.604889,-73.428789,1996-10-30,1996,3,1
14139,41.3958,-73.0608,1996-10-31,1996,3,1
14453,41.4562,-73.0626,1996-10-31,1996,3,1
14280,41.4058,-73.0926,1996-11-01,1996,3,1
14456,41.5805,-73.0703,1996-11-04,1996,5,1
15480,41.7347,-73.1051,1996-11-04,1996,5,1
14179,41.797345,-73.115842,1996-11-05,1996,5,1
14341,41.7891,-73.1145,1996-11-05,1996,5,1
14348,41.7631,-73.1173,1996-11-05,1996,5,1
14482,41.8181,-73.1441,1996-11-05,1996,4,1
14132,42.0236,-73.341,1996-11-06,1996,3,1
14247,41.9431,-73.3058,1996-11-06,1996,2,1
14186,41.3885,-73.1648,1996-11-07,1996,2,1
14183,41.5979,-73.4152,1996-11-13,1996,3,1
14188,41.588,-72.8977,1996-11-14,1996,3,1
14196,41.273,-73.1129,1996-11-14,1996,4,1
14442,41.974,-73.0406,1996-11-20,1996,2,1
14446,41.8941,-72.5723,1996-11-20,1996,4,1
14450,41.5489,-73.3308,1996-11-21,1996,3,1
14318,41.3387,-73.0806,1996-11-25,1996,5,1
14330,41.5182,-73.0536,1997-10-01,1997,5,1
14332,41.5002,-73.0503,1997-10-01,1997,5,1
14254,41.8906,-73.3576,1997-10-02,1997,5,1
14442,41.974,-73.0406,1997-10-07,1997,2,1
14408,41.4144,-73.2825,1997-10-08,1997,3,1
14409,41.4162,-73.2824,1997-10-08,1997,4,1
14128,41.6884,-73.2668,1997-10-09,1997,3,1
14441,41.5742,-72.4294,1997-10-10,1997,3,1
14301,41.3828,-72.8967,1997-10-14,1997,3,1
14414,41.4501,-72.8407,1997-10-14,1997,5,1
14489,41.3303,-72.9663,1997-10-17,1997,5,1
14150,41.0276,-73.6621,1997-10-20,1997,5,1
14491,41.3574,-72.7206,1997-10-21,1997,3,1
14490,41.3399,-72.7154,1997-10-23,1997,3,1
14450,41.5489,-73.3308,1997-10-24,1997,3,1
14360,41.2675,-73.4414,1997-10-28,1997,3,1
14363,41.3101,-73.4691,1997-10-28,1997,5,1
14364,41.2569,-73.4288,1997-10-28,1997,5,1
14369,41.2048,-73.4306,1997-10-29,1997,3,1
14361,41.1359,-73.426,1997-10-30,1997,5,1
14444,41.2945,-73.3948,1997-10-30,1997,3,1
14432,41.0661,-73.5484,1997-10-31,1997,5,1
14226,41.5314,-72.8218,1997-11-04,1997,5,1
14417,41.5878,-72.891,1997-11-04,1997,5,1
14473,41.5267,-72.9331,1997-11-04,1997,4,1
14201,41.1418,-73.4833,1997-11-05,1997,5,1
14370,41.1909,-73.4297,1997-11-05,1997,4,1
14486,41.236,-73.0573,1997-11-06,1997,4,1
14298,41.208,-73.257,1997-11-13,1997,4,1
14395,41.2881,-73.2348,1997-11-13,1997,4,1
14443,41.2245,-73.3469,1997-11-19,1997,4,1
14158,41.6777,-72.9077,1998-10-01,1998,4,1
14391,41.6681,-72.9208,1998-10-01,1998,5,1
14392,41.6738,-72.8977,1998-10-01,1998,5,1
14153,41.5547,-72.6737,1998-10-02,1998,4,1
14188,41.588,-72.8977,1998-10-02,1998,4,1
14393,41.7046,-72.8504,1998-10-02,1998,5,1
14317,41.4435,-73.0642,1998-10-05,1998,5,1
14332,41.5002,-73.0503,1998-10-05,1998,5,1
14397,41.7186,-72.7274,1998-10-06,1998,5,1
14316,41.6159,-73.0579,1998-10-07,1998,5,1
14444,41.2945,-73.3948,1998-10-07,1998,3,1
14303,41.9838,-72.6582,1998-10-13,1998,5,1
14465,41.9608,-72.711,1998-10-13,1998,4,1
14435,41.9366,-72.7749,1998-10-19,1998,3,1
14484,41.9372,-72.8215,1998-10-19,1998,2,1
14148,41.7846,-72.9657,1998-10-20,1998,3,1
14197,41.7508,-72.8717,1998-10-20,1998,3,1
14349,41.83,-72.9947,1998-10-20,1998,3,1
14283,41.9199,-73.0597,1998-10-21,1998,4,1
14442,41.974,-73.0406,1998-10-21,1998,2,1
14459,41.929,-73.0584,1998-10-21,1998,4,1
14460,41.9476,-73.0487,1998-10-21,1998,4,1
14461,41.9685,-73.0331,1998-10-21,1998,3,1
14147,41.9147,-72.549,1998-10-22,1998,5,1
14314,41.8008,-72.1182,1998-10-23,1998,2,1
14436,41.7191,-72.602,1998-10-23,1998,4,1
14235,41.7822,-72.5912,1998-10-26,1998,5,1
14238,41.8758,-72.4743,1998-10-26,1998,5,1
14241,41.8503,-72.4878,1998-10-26,1998,5,1
14242,41.8195,-72.5035,1998-10-26,1998,5,1
14244,41.7883,-72.5503,1998-10-26,1998,5,1
14469,41.8201,-72.5033,1998-10-26,1998,5,1
14260,41.5799,-72.4028,1998-10-27,1998,3,1
14396,41.5079,-72.4952,1998-10-28,1998,2,1
14433,41.665,-72.6045,1998-10-28,1998,3,1
14377,41.3991,-72.4651,1998-10-29,1998,3,1
14407,41.4142,-73.2823,1998-11-04,1998,3,1
14408,41.4144,-73.2825,1998-11-04,1998,3,1
14437,41.7167,-72.5851,1998-11-09,1998,4,1
14596,41.604,-71.9852,1999-10-06,1999,5,1
14601,41.5632,-71.9834,1999-10-06,1999,3,1
14277,41.6393,-72.0582,1999-10-07,1999,3,1
14278,41.6158,-72.0416,1999-10-07,1999,5,1
14188,41.588,-72.8977,1999-10-12,1999,4,1
14605,41.5908,-72.9009,1999-10-12,1999,3,1
14583,41.9525,-72.3039,1999-10-13,1999,5,1
14606,41.9659,-72.3278,1999-10-13,1999,3,1
14492,41.8326,-72.3079,1999-10-14,1999,3,1
14582,41.7623,-72.2691,1999-10-14,1999,4,1
14589,41.8716,-72.0877,1999-10-19,1999,2,1
14590,41.8671,-72.0921,1999-10-19,1999,2,1
14600,41.7407,-71.9488,1999-10-22,1999,3,1
14294,41.6643,-71.9198,1999-10-25,1999,5,1
14595,41.721906,-71.836053,1999-10-25,1999,3,1
14314,41.8008,-72.1182,1999-10-26,1999,3,1
14586,41.7212,-72.2548,1999-10-26,1999,3,1
14587,41.6937,-72.2632,1999-10-26,1999,3,1
14591,41.7971,-72.1716,1999-10-26,1999,3,1
14410,42.022,-71.9528,1999-10-27,1999,3,1
14205,41.8451,-71.8912,1999-10-28,1999,4,1
14451,41.7002,-72.1823,1999-10-28,1999,4,1
14594,41.7148,-71.8931,1999-10-28,1999,3,1
14598,41.6022,-71.9868,1999-10-28,1999,5,1
14276,41.928,-71.9315,1999-11-01,1999,3,1
14305,42.0147,-72.0017,1999-11-01,1999,5,1
14450,41.5489,-73.3308,1999-11-02,1999,3,1
14441,41.5742,-72.4294,1999-11-08,1999,2,1
14442,41.974,-73.0406,1999-11-09,1999,2,1
14520,41.9751,-73.4212,1999-11-09,1999,5,1
14521,41.9668,-73.4277,1999-11-09,1999,4,1
14329,41.5304,-73.0402,1999-11-10,1999,5,1
14314,41.8008,-72.1182,2000-10-02,2000,3,1
14580,41.9505,-72.3037,2000-10-03,2000,5,1
14583,41.9525,-72.3039,2000-10-03,2000,5,1
14708,41.9519,-72.3084,2000-10-03,2000,4,1
14450,41.5489,-73.3308,2000-10-04,2000,3,1
14710,41.683397,-73.298268,2000-10-04,2000,3,1
14459,41.929,-73.0584,2000-10-05,2000,5,1
14713,41.9503,-73.049,2000-10-05,2000,5,1
14501,41.6423,-72.7503,2000-10-06,2000,5,1
14394,41.2343,-73.1838,2000-10-10,2000,5,1
14317,41.4435,-73.0642,2000-10-11,2000,5,1
14318,41.3387,-73.0806,2000-10-11,2000,5,1
14332,41.5002,-73.0503,2000-10-11,2000,5,1
14714,41.513,-73.0529,2000-10-11,2000,5,1
14715,41.514,-73.0539,2000-10-11,2000,5,1
14323,41.5894,-73.0574,2000-10-12,2000,5,1
14456,41.5805,-73.0703,2000-10-12,2000,5,1
14628,41.5687,-73.0574,2000-10-12,2000,5,1
14138,41.3972,-73.0718,2000-10-16,2000,5,1
14194,41.3331,-72.8153,2000-10-16,2000,5,1
15670,41.3921,-73.4285,2000-10-17,2000,5,1
14706,41.3928,-71.9604,2000-10-19,2000,3,1
14725,41.4257,-71.9573,2000-10-19,2000,5,1
14738,41.5433,-72.1734,2000-10-20,2000,3,1
14739,41.5724,-72.1324,2000-10-20,2000,3,1
14444,41.2945,-73.3948,2000-10-23,2000,3,1
14740,41.512349,-73.52695,2000-10-23,2000,3,1
14458,41.4389,-73.401,2000-10-24,2000,5,1
14462,41.3923,-73.4348,2000-10-24,2000,5,1
14464,41.4063,-73.4253,2000-10-24,2000,6,1
14379,41.3978,-71.8422,2000-10-25,2000,3,1
14719,41.4566,-71.8172,2000-10-25,2000,4,1
14720,41.4568,-71.8169,2000-10-25,2000,3,1
14721,41.4101,-71.8452,2000-10-25,2000,3,1
14735,41.5583,-72.112,2000-10-26,2000,3,1
14736,41.5753,-72.2847,2000-10-26,2000,3,1
14278,41.6158,-72.0416,2000-11-01,2000,4,1
14731,41.5021,-72.1235,2000-11-02,2000,3,1
14732,41.4981,-72.0365,2000-11-02,2000,3,1
14733,41.4366,-72.1062,2000-11-02,2000,5,1
14722,41.4462,-72.1253,2000-11-03,2000,4,1
14452,41.1503,-73.4434,2000-11-09,2000,5,1
14442,41.974,-73.0406,2001-10-04,2001,3,1
14450,41.5489,-73.3308,2001-10-04,2001,4,1
14188,41.588,-72.8977,2001-10-05,2001,4,1
14441,41.5742,-72.4294,2001-10-11,2001,3,1
14580,41.9505,-72.3037,2001-10-17,2001,5,1
14581,41.9423,-72.3058,2001-10-17,2001,5,1
14583,41.9525,-72.3039,2001-10-17,2001,5,1
14584,41.904,-72.2891,2001-10-17,2001,2,1
14317,41.4435,-73.0642,2001-10-22,2001,5,1
14456,41.5805,-73.0703,2001-10-23,2001,5,1
14706,41.3928,-71.9604,2001-10-30,2001,3,1
14720,41.4568,-71.8169,2001-10-30,2001,3,1
14321,41.6497,-73.0774,2001-10-31,2001,5,1
14322,41.631,-73.0772,2001-10-31,2001,5,1
15480,41.7347,-73.1051,2001-11-06,2001,5,1
14316,41.6159,-73.0579,2002-10-01,2002,5,1
14321,41.6497,-73.0774,2002-10-01,2002,5,1
14322,41.631,-73.0772,2002-10-02,2002,5,1
14329,41.5304,-73.0402,2002-10-02,2002,5,1
14332,41.5002,-73.0503,2002-10-02,2002,5,1
14853,41.2026,-73.4311,2002-10-03,2002,5,1
14317,41.4435,-73.0642,2002-10-04,2002,5,1
14858,41.6801,-72.4673,2002-10-07,2002,2,1
14442,41.974,-73.0406,2002-10-08,2002,2,1
14843,41.9904,-73.058,2002-10-08,2002,2,1
14856,41.3807,-72.5904,2002-10-09,2002,3,1
14866,41.9833,-72.2179,2002-10-10,2002,2,1
14860,41.4062,-72.0747,2002-10-15,2002,3,1
14861,41.4209,-72.2209,2002-10-15,2002,3,1
14862,41.5582,-72.1366,2002-10-15,2002,3,1
14863,42.0134,-71.802,2002-10-17,2002,3,1
14888,41.7109,-71.8778,2002-10-17,2002,3,1
14599,41.8499,-71.9359,2002-10-22,2002,3,1
14580,41.9505,-72.3037,2002-10-23,2002,5,1
14581,41.9423,-72.3058,2002-10-23,2002,5,1
14583,41.9525,-72.3039,2002-10-23,2002,5,1
14584,41.904,-72.2891,2002-10-23,2002,2,1
14706,41.3928,-71.9604,2002-10-24,2002,3,1
14720,41.4568,-71.8169,2002-10-24,2002,2,1
14859,41.4304,-71.8526,2002-10-24,2002,3,1
14450,41.5489,-73.3308,2002-10-25,2002,4,1
14840,41.9741,-72.8375,2002-10-28,2002,2,1
14845,41.6782,-73.4515,2002-10-29,2002,3,1
14846,41.5851,-73.5108,2002-10-29,2002,2,1
14844,41.7243,-73.3345,2002-10-30,2002,3,1
14852,41.2415,-73.1341,2002-10-31,2002,5,1
15426,41.3872,-73.0191,2002-10-31,2002,3,1
14581,41.9423,-72.3058,2003-10-02,2003,5,1
14583,41.9525,-72.3039,2003-10-02,2003,4,1
14584,41.904,-72.2891,2003-10-02,2003,3,1
14720,41.4568,-71.8169,2003-10-07,2003,2,1
14721,41.4101,-71.8452,2003-10-07,2003,3,1
14706,41.3928,-71.9604,2003-10-09,2003,3,1
14444,41.2945,-73.3948,2003-10-14,2003,3,1
14188,41.588,-72.8977,2003-10-17,2003,3,1
14450,41.5489,-73.3308,2003-10-20,2003,3,1
14740,41.512349,-73.52695,2003-10-20,2003,3,1
14741,41.3287,-73.5218,2003-10-20,2003,3,1
15308,42.0171,-73.3178,2003-11-03,2003,3,1
15309,42.0156,-73.3147,2003-11-03,2003,3,1
14442,41.974,-73.0406,2003-11-12,2003,2,1
15046,41.9062,-72.4035,2003-11-13,2003,2,1
15047,41.8676,-72.4341,2003-11-13,2003,5,1
15048,41.8666,-72.4648,2003-11-13,2003,5,1
14316,41.6159,-73.0579,2003-11-19,2003,5,1
14317,41.4435,-73.0642,2003-11-19,2003,5,1
14322,41.631,-73.0772,2003-11-19,2003,5,1
14332,41.5002,-73.0503,2003-11-19,2003,5,1
14392,41.6738,-72.8977,2004-09-23,2004,5,1
14479,41.7314,-72.7231,2004-09-23,2004,5,1
14288,41.6189,-72.7127,2004-09-24,2004,5,1
14397,41.7186,-72.7274,2004-09-24,2004,5,1
14458,41.4389,-73.401,2004-09-27,2004,5,1
14464,41.4063,-73.4253,2004-09-27,2004,5,1
14147,41.9147,-72.549,2004-10-04,2004,5,1
14435,41.9366,-72.7749,2004-10-04,2004,3,1
14241,41.8503,-72.4878,2004-10-05,2004,5,1
15048,41.8666,-72.4648,2004-10-05,2004,4,1
14202,41.1365,-73.4793,2004-10-06,2004,5,1
14319,41.7361,-73.1054,2004-10-06,2004,5,1
14321,41.6497,-73.0774,2004-10-06,2004,5,1
14341,41.7891,-73.1145,2004-10-06,2004,5,1
14348,41.7631,-73.1173,2004-10-06,2004,5,1
14444,41.2945,-73.3948,2004-10-06,2004,3,1
14825,41.6743,-73.0695,2004-10-06,2004,5,1
14322,41.631,-73.0772,2004-10-07,2004,5,1
14329,41.5304,-73.0402,2004-10-07,2004,5,1
14332,41.5002,-73.0503,2004-10-07,2004,5,1
14456,41.5805,-73.0703,2004-10-07,2004,5,1
14628,41.5687,-73.0574,2004-10-07,2004,5,1
14716,41.5916,-73.0962,2004-10-07,2004,5,1
14206,41.9548,-71.884,2004-10-12,2004,4,1
14207,42.0248,-71.8843,2004-10-12,2004,5,1
14226,41.5314,-72.8218,2004-10-13,2004,5,1
14580,41.9505,-72.3037,2004-10-13,2004,3,1
14581,41.9423,-72.3058,2004-10-13,2004,4,1
14583,41.9525,-72.3039,2004-10-13,2004,3,1
14413,41.528244,-72.856272,2004-10-14,2004,5,1
14414,41.4501,-72.8407,2004-10-14,2004,5,1
15479,41.5996,-72.8854,2004-10-14,2004,5,1
14800,41.6105,-73.1153,2004-10-18,2004,3,1
15543,41.5947,-72.1923,2004-10-25,2004,3,1
14686,42.0096,-73.2806,2004-10-27,2004,3,1
15004,41.8072,-73.3906,2004-10-27,2004,3,1
15005,41.7588,-73.1841,2004-10-27,2004,3,1
15010,41.5603,-72.3349,2004-10-27,2004,3,1
15011,41.5999,-71.9067,2004-10-27,2004,3,1
15012,41.5218,-73.2061,2004-10-27,2004,3,1
15017,41.3846,-73.1597,2004-10-27,2004,3,1
15024,41.6387,-73.2362,2004-10-27,2004,2,1
15013,41.4259,-72.9056,2004-10-28,2004,4,1
15018,41.4063,-72.771,2004-10-28,2004,4,1
14998,42.0192,-72.3127,2004-10-29,2004,4,1
15006,41.8078,-72.5204,2004-10-29,2004,5,1
15007,41.7398,-72.2017,2004-10-29,2004,2,1
14450,41.5489,-73.3308,2004-11-01,2004,3,1
14997,42.0135,-72.8435,2004-11-01,2004,2,1
15001,41.946,-72.8575,2004-11-01,2004,2,1
14221,41.3278,-72.6116,2004-11-02,2004,3,1
14285,41.5603,-73.0029,2004-11-08,2004,5,1
14968,41.5742,-72.9878,2004-11-08,2004,4,1
14969,41.5744,-72.9884,2004-11-08,2004,5,1
15583,41.5413,-73.0089,2004-11-08,2004,5,1
14392,41.6738,-72.8977,2005-10-20,2005,5,1
14479,41.7314,-72.7231,2005-10-21,2005,5,1
14284,41.5439,-73.0384,2005-10-24,2005,6,1
14463,41.3898,-73.4637,2005-10-24,2005,5,1
14706,41.3928,-71.9604,2005-10-31,2005,3,1
14720,41.4568,-71.8169,2005-10-31,2005,2,1
14605,41.5908,-72.9009,2005-11-01,2005,3,1
14314,41.8008,-72.1182,2005-11-02,2005,3,1
15092,41.8335,-72.2429,2005-11-02,2005,2,1
14450,41.5489,-73.3308,2005-11-03,2005,3,1
15990,41.8459,-72.3865,2006-09-15,2006,3,1
14706,41.3928,-71.9604,2006-09-18,2006,3,1
14186,41.3885,-73.1648,2006-09-19,2006,3,1
14195,41.2591,-73.0979,2006-09-19,2006,4,1
14280,41.4058,-73.0926,2006-09-19,2006,4,1
14156,41.1961,-73.4354,2006-09-20,2006,5,1
14314,41.8008,-72.1182,2006-09-20,2006,3,1
14441,41.5742,-72.4294,2006-09-20,2006,3,1
14445,41.1693,-73.367,2006-09-20,2006,4,1
15357,41.1457,-73.3012,2006-09-20,2006,5,1
15857,41.1521,-73.2726,2006-09-20,2006,5,1
15858,41.1984,-73.2647,2006-09-20,2006,5,1
14247,41.9431,-73.3058,2006-09-21,2006,3,1
14442,41.974,-73.0406,2006-09-21,2006,3,1
14576,41.6008,-72.7141,2006-09-21,2006,4,1
15413,41.605,-72.7577,2006-09-21,2006,4,1
15965,41.5871,-72.3868,2006-09-21,2006,3,1
15999,41.2665,-73.0049,2006-09-25,2006,4,1
16002,41.0274,-73.661,2006-09-25,2006,5,1
16025,41.1276,-73.3294,2006-09-25,2006,5,1
14355,41.5575,-73.2122,2006-09-26,2006,3,1
15530,41.5575,-73.2155,2006-09-26,2006,3,1
14183,41.5979,-73.4152,2006-09-27,2006,3,1
14450,41.5489,-73.3308,2006-09-27,2006,4,1
14472,41.5655,-72.8905,2006-09-27,2006,5,1
15065,41.2791,-72.8672,2006-09-27,2006,5,1
15087,41.3668,-72.8543,2006-09-27,2006,4,1
15997,41.5562,-73.3912,2006-09-27,2006,4,1
14710,41.683397,-73.298268,2006-09-28,2006,3,1
15005,41.7588,-73.1841,2006-09-28,2006,3,1
15138,41.7305,-73.1868,2006-09-28,2006,3,1
16022,41.5856,-73.2292,2006-09-28,2006,3,1
14439,41.9337,-73.3908,2006-10-03,2006,4,1
14520,41.9751,-73.4212,2006-10-03,2006,5,1
16028,41.8552,-73.3755,2006-10-03,2006,3,1
14444,41.2945,-73.3948,2006-10-04,2006,3,1
14605,41.5908,-72.9009,2006-10-04,2006,3,1
14176,41.8122,-73.1221,2006-10-05,2006,4,1
14254,41.8906,-73.3576,2006-10-05,2006,4,1
14482,41.8181,-73.1441,2006-10-05,2006,4,1
14804,41.8804,-73.331,2006-10-05,2006,3,1
15043,41.8212,-73.3713,2006-10-05,2006,3,1
15169,41.7594,-72.8808,2006-10-05,2006,5,1
16003,41.8199,-73.1461,2006-10-05,2006,4,1
16035,41.8342,-73.1786,2006-10-05,2006,3,1
14129,41.4684,-73.0501,2006-10-06,2006,4,1
14248,41.4987,-73.0537,2006-10-06,2006,5,1
14792,41.4864,-73.0556,2006-10-06,2006,5,1
14488,41.604889,-73.428789,2006-10-10,2006,3,1
15529,41.7298,-73.4884,2006-10-10,2006,3,1
14409,41.4162,-73.2824,2006-10-11,2006,3,1
15319,41.8158,-72.8294,2006-10-11,2006,4,1
15856,41.5699,-72.8733,2006-10-11,2006,5,1
15859,41.2931,-73.1442,2006-10-11,2006,4,1
15964,41.7681,-72.8497,2006-10-11,2006,4,1
14458,41.4389,-73.401,2006-10-16,2006,5,1
14464,41.4063,-73.4253,2006-10-16,2006,5,1
15670,41.3921,-73.4285,2006-10-16,2006,5,1
16029,41.3987,-73.4553,2006-10-16,2006,5,1
14132,42.0236,-73.341,2006-10-17,2006,4,1
14686,42.0096,-73.2806,2006-10-17,2006,4,1
14628,41.5687,-73.0574,2006-10-19,2006,5,1
14800,41.6105,-73.1153,2006-10-19,2006,4,1
14145,41.6434,-73.081,2006-10-24,2006,5,1
14284,41.5439,-73.0384,2006-10-24,2006,5,1
14316,41.6159,-73.0579,2006-10-25,2006,5,1
14317,41.4435,-73.0642,2006-10-25,2006,5,1
14318,41.3387,-73.0806,2006-10-25,2006,5,1
14321,41.6497,-73.0774,2006-10-25,2006,5,1
14322,41.631,-73.0772,2006-10-25,2006,5,1
14341,41.7891,-73.1145,2006-10-25,2006,5,1
14825,41.6743,-73.0695,2006-10-25,2006,5,1
16050,41.7485,-73.1129,2006-10-27,2006,5,1
14360,41.2675,-73.4414,2006-11-29,2006,3,1
14366,41.246,-73.4341,2006-11-29,2006,4,1
14370,41.1909,-73.4297,2006-11-29,2006,4,1
14371,41.1267,-73.4295,2006-11-29,2006,5,1
14553,41.2604,-73.4367,2006-11-29,2006,4,1
14853,41.2026,-73.4311,2006-11-29,2006,4,1
14206,41.9548,-71.884,2007-09-18,2007,4,1
14410,42.022,-71.9528,2007-09-18,2007,3,1
14609,41.9081,-71.9096,2007-09-18,2007,4,1
14735,41.5583,-72.112,2007-09-18,2007,4,1
16028,41.8552,-73.3755,2007-09-19,2007,3,1
16065,41.8148,-73.376,2007-09-19,2007,3,1
16076,41.7673,-73.4379,2007-09-19,2007,4,1
16110,41.6615,-72.5365,2007-09-19,2007,3,1
16111,41.4552,-72.5288,2007-09-19,2007,3,1
16120,41.5211,-72.4869,2007-09-19,2007,2,1
16121,41.5544,-72.4523,2007-09-19,2007,2,1
14413,41.528244,-72.856272,2007-09-20,2007,5,1
14414,41.4501,-72.8407,2007-09-20,2007,5,1
14422,41.4912,-72.8174,2007-09-20,2007,5,1
14424,41.644,-72.8745,2007-09-20,2007,5,1
14451,41.7002,-72.1823,2007-09-20,2007,5,1
15479,41.5996,-72.8854,2007-09-20,2007,5,1
15892,41.6175,-72.085,2007-09-20,2007,4,1
14379,41.3978,-71.8422,2007-09-21,2007,3,1
14581,41.9423,-72.3058,2007-09-21,2007,5,1
14584,41.904,-72.2891,2007-09-21,2007,2,1
14591,41.7971,-72.1716,2007-09-21,2007,3,1
14720,41.4568,-71.8169,2007-09-21,2007,2,1
14721,41.4101,-71.8452,2007-09-21,2007,3,1
15176,41.7569,-72.1523,2007-09-21,2007,3,1
16114,41.9328,-73.1214,2007-09-21,2007,3,1
16116,41.9324,-72.9442,2007-09-21,2007,2,1
16124,41.938249,-73.321123,2007-09-21,2007,2,1
16128,41.7812,-72.1509,2007-09-21,2007,3,1
14441,41.5742,-72.4294,2007-09-24,2007,3,1
15312,41.409952,-72.329059,2007-09-24,2007,3,1
15315,41.4603,-72.3343,2007-09-25,2007,2,1
16064,41.3169,-73.4443,2007-09-25,2007,4,1
16122,41.4978,-72.3435,2007-09-25,2007,3,1
16123,41.4756,-72.342,2007-09-25,2007,3,1
16143,41.2931,-73.3678,2007-09-25,2007,3,1
14316,41.6159,-73.0579,2007-09-26,2007,5,1
14319,41.7361,-73.1054,2007-09-26,2007,5,1
14321,41.6497,-73.0774,2007-09-26,2007,5,1
14322,41.631,-73.0772,2007-09-26,2007,5,1
14825,41.6743,-73.0695,2007-09-26,2007,5,1
15997,41.5562,-73.3912,2007-09-26,2007,4,1
16063,41.7794,-73.2663,2007-09-27,2007,4,1
16108,41.8492,-72.1783,2007-09-28,2007,3,1
15364,41.1718,-73.3643,2007-10-01,2007,4,1
15370,41.1927,-73.3617,2007-10-01,2007,4,1
15375,41.1769,-73.3579,2007-10-01,2007,4,1
14221,41.3278,-72.6116,2007-10-02,2007,3,1
14290,41.3565,-72.5405,2007-10-02,2007,3,1
14298,41.208,-73.257,2007-10-02,2007,4,1
14394,41.2343,-73.1838,2007-10-02,2007,5,1
14490,41.3399,-72.7154,2007-10-02,2007,3,1
15357,41.1457,-73.3012,2007-10-02,2007,4,1
16131,41.3314,-72.595,2007-10-02,2007,3,1
14301,41.3828,-72.8967,2007-10-03,2007,5,1
14486,41.236,-73.0573,2007-10-03,2007,4,1
14489,41.3303,-72.9663,2007-10-03,2007,5,1
15087,41.3668,-72.8543,2007-10-03,2007,5,1
15854,41.4151,-72.8012,2007-10-03,2007,4,1
16137,41.2651,-73.0129,2007-10-03,2007,5,1
14226,41.5314,-72.8218,2007-10-04,2007,5,1
14358,41.0898,-73.5152,2007-10-04,2007,5,1
14431,41.1134,-73.5471,2007-10-04,2007,4,1
14432,41.0661,-73.5484,2007-10-04,2007,5,1
15066,41.6462,-72.8601,2007-10-04,2007,5,1
15193,41.5396,-72.8789,2007-10-04,2007,5,1
16133,41.4324,-72.8321,2007-10-04,2007,3,1
16066,41.914,-72.765,2007-10-05,2007,4,1
14472,41.5655,-72.8905,2007-10-09,2007,6,1
16139,41.9267,-73.2799,2007-10-09,2007,3,1
15067,41.3524,-72.8073,2007-10-11,2007,5,1
14360,41.2675,-73.4414,2007-10-15,2007,4,1
14362,41.3158,-73.4792,2007-10-15,2007,5,1
14363,41.3101,-73.4691,2007-10-15,2007,5,1
14366,41.246,-73.4341,2007-10-15,2007,4,1
14553,41.2604,-73.4367,2007-10-15,2007,5,1
14361,41.1359,-73.426,2007-10-16,2007,6,1
14370,41.1909,-73.4297,2007-10-16,2007,4,1
14555,41.1639,-73.4193,2007-10-16,2007,5,1
14201,41.1418,-73.4833,2007-10-17,2007,5,1
14202,41.1365,-73.4793,2007-10-17,2007,5,1
14452,41.1503,-73.4434,2007-10-17,2007,5,1
16205,41.1231,-73.425,2007-10-17,2007,5,1
14150,41.0276,-73.6621,2007-10-18,2007,5,1
16145,41.022,-73.6328,2007-10-18,2007,5,1
14706,41.3928,-71.9604,2007-10-22,2007,3,1
16140,41.1899,-73.1551,2007-11-28,2007,6,1
14148,41.7846,-72.9657,2008-09-15,2008,4,1
14349,41.83,-72.9947,2008-09-15,2008,3,1
14720,41.4568,-71.8169,2008-09-15,2008,2,1
15169,41.7594,-72.8808,2008-09-15,2008,4,1
15319,41.8158,-72.8294,2008-09-15,2008,4,1
15571,41.8365,-72.9295,2008-09-15,2008,3,1
15964,41.7681,-72.8497,2008-09-15,2008,4,1
16316,41.8377,-72.8817,2008-09-15,2008,3,1
16370,41.7807,-72.963,2008-09-15,2008,3,1
14433,41.665,-72.6045,2008-09-16,2008,4,1
16289,41.727,-72.3782,2008-09-16,2008,3,1
16300,41.7712,-72.4089,2008-09-16,2008,3,1
14283,41.9199,-73.0597,2008-09-17,2008,4,1
14397,41.7186,-72.7274,2008-09-17,2008,5,1
14461,41.9685,-73.0331,2008-09-17,2008,3,1
14479,41.7314,-72.7231,2008-09-17,2008,5,1
14576,41.6008,-72.7141,2008-09-17,2008,4,1
14713,41.9503,-73.049,2008-09-17,2008,4,1
14842,41.9305,-73.079,2008-09-17,2008,3,1
15768,41.9113,-73.0263,2008-09-17,2008,3,1
16089,41.9086,-73.0007,2008-09-17,2008,3,1
16312,41.9458,-73.1286,2008-09-17,2008,2,1
16321,41.6931,-72.7587,2008-09-17,2008,5,1
16400,41.797,-72.72,2008-09-17,2008,5,1
14303,41.9838,-72.6582,2008-09-22,2008,4,1
14465,41.9608,-72.711,2008-09-22,2008,4,1
14591,41.7971,-72.1716,2008-09-22,2008,3,1
15171,41.955,-72.7794,2008-09-22,2008,3,1
16128,41.7812,-72.1509,2008-09-22,2008,3,1
14153,41.5547,-72.6737,2008-09-23,2008,4,1
14441,41.5742,-72.4294,2008-09-23,2008,3,1
14551,41.4435,-72.6882,2008-09-23,2008,3,1
14841,41.8257,-72.9295,2008-09-24,2008,3,1
15312,41.409952,-72.329059,2008-09-24,2008,2,1
15825,41.9168,-72.989,2008-09-24,2008,3,1
16131,41.3314,-72.595,2008-09-24,2008,4,1
16225,41.9015,-72.6708,2008-09-24,2008,5,1
16258,41.9735,-73.0209,2008-09-24,2008,3,1
14247,41.9431,-73.3058,2008-09-25,2008,3,1
14251,41.8806,-73.3654,2008-09-25,2008,4,1
14471,41.6664,-73.5119,2008-09-25,2008,3,1
14687,42.023955,-73.327636,2008-09-25,2008,4,1
16327,41.8508,-73.3758,2008-09-25,2008,4,1
14147,41.9147,-72.549,2008-10-02,2008,5,1
14195,41.2591,-73.0979,2008-10-02,2008,4,1
14444,41.2945,-73.3948,2008-10-02,2008,3,1
16140,41.1899,-73.1551,2008-10-02,2008,5,1
16322,41.8456,-72.4816,2008-10-02,2008,5,1
16345,41.1817,-73.3142,2008-10-02,2008,3,1
14284,41.5439,-73.0384,2008-10-03,2008,5,1
14404,41.4717,-73.256,2008-10-03,2008,4,1
14409,41.4162,-73.2824,2008-10-03,2008,3,1
14450,41.5489,-73.3308,2008-10-03,2008,3,1
14458,41.4389,-73.401,2008-10-03,2008,5,1
14235,41.7822,-72.5912,2008-10-06,2008,5,1
14238,41.8758,-72.4743,2008-10-06,2008,5,1
14241,41.8503,-72.4878,2008-10-06,2008,5,1
14242,41.8195,-72.5035,2008-10-06,2008,4,1
14250,41.7767,-72.5612,2008-10-06,2008,5,1
14469,41.8201,-72.5033,2008-10-06,2008,4,1
14470,41.8272,-72.464,2008-10-06,2008,3,1
15006,41.8078,-72.5204,2008-10-06,2008,4,1
15047,41.8676,-72.4341,2008-10-06,2008,6,1
15048,41.8666,-72.4648,2008-10-06,2008,5,1
16071,41.7874,-72.551,2008-10-06,2008,5,1
14158,41.6777,-72.9077,2008-10-07,2008,5,1
14385,41.6789,-73.015,2008-10-07,2008,5,1
14389,41.6693,-72.9936,2008-10-07,2008,5,1
14390,41.6742,-72.9619,2008-10-07,2008,4,1
14392,41.6738,-72.8977,2008-10-07,2008,5,1
16301,41.6698,-72.9272,2008-10-07,2008,5,1
16317,41.7137,-72.9261,2008-10-07,2008,3,1
14248,41.4987,-73.0537,2008-10-08,2008,5,1
14288,41.6189,-72.7127,2008-10-08,2008,5,1
14501,41.6423,-72.7503,2008-10-08,2008,5,1
14549,41.6165,-72.758,2008-10-08,2008,5,1
14605,41.5908,-72.9009,2008-10-08,2008,3,1
15005,41.7588,-73.1841,2008-10-08,2008,3,1
15250,41.6383,-72.7333,2008-10-08,2008,5,1
15333,41.6405,-72.7421,2008-10-08,2008,5,1
15406,41.6424,-72.7207,2008-10-08,2008,5,1
16090,41.7672,-72.7033,2008-10-08,2008,5,1
16336,41.622,-72.7697,2008-10-08,2008,4,1
14174,41.4309,-72.3375,2008-10-09,2008,3,1
14377,41.3991,-72.4651,2008-10-09,2008,2,1
14706,41.3928,-71.9604,2008-10-09,2008,3,1
15179,41.4671,-72.3372,2008-10-09,2008,3,1
16343,41.4523,-71.809,2008-10-09,2008,3,1
14436,41.7191,-72.602,2008-10-14,2008,4,1
16311,41.6089,-72.5999,2008-10-14,2008,4,1
16320,41.5493,-72.6416,2008-10-14,2008,4,1
16331,41.4835,-72.6375,2008-10-14,2008,2,1
14316,41.6159,-73.0579,2008-10-15,2008,5,1
14317,41.4435,-73.0642,2008-10-15,2008,5,1
14318,41.3387,-73.0806,2008-10-15,2008,5,1
14319,41.7361,-73.1054,2008-10-15,2008,5,1
14321,41.6497,-73.0774,2008-10-15,2008,5,1
14396,41.5079,-72.4952,2008-10-15,2008,3,1
14401,41.5352,-72.5182,2008-10-15,2008,3,1
14825,41.6743,-73.0695,2008-10-15,2008,5,1
14137,41.6084,-72.4263,2008-10-16,2008,3,1
14281,41.6077,-72.4263,2008-10-16,2008,3,1
15010,41.5603,-72.3349,2008-10-16,2008,3,1
16342,41.6814,-72.463,2008-10-16,2008,3,1
14214,41.9841,-72.2947,2008-10-21,2008,4,1
16418,41.9937,-72.2767,2008-10-21,2008,4,1
14215,41.9679,-72.2979,2008-10-22,2008,4,1
14656,41.9554,-72.3013,2008-10-22,2008,5,1
16419,41.9599,-72.2994,2008-10-22,2008,4,1
15013,41.4259,-72.9056,2008-10-23,2008,4,1
15177,41.4211,-72.9022,2008-10-23,2008,3,1
16412,41.3925,-72.891,2008-10-23,2008,4,1
16413,41.3972,-72.8928,2008-10-23,2008,4,1
16414,41.4038,-72.894,2008-10-23,2008,4,1
16415,41.4141,-72.895,2008-10-23,2008,4,1
16126,41.8861,-73.1689,2008-11-04,2008,3,1
15013,41.4259,-72.9056,2009-09-15,2009,3,1
15177,41.4211,-72.9022,2009-09-15,2009,4,1
16411,41.3893,-72.893,2009-09-15,2009,4,1
16412,41.3925,-72.891,2009-09-15,2009,4,1
16413,41.3972,-72.8928,2009-09-15,2009,4,1
16414,41.4038,-72.894,2009-09-15,2009,5,1
14598,41.6022,-71.9868,2009-09-19,2009,4,1
15794,41.8732,-72.9648,2009-09-22,2009,3,1
14215,41.9679,-72.2979,2009-09-24,2009,5,1
14656,41.9554,-72.3013,2009-09-24,2009,5,1
16416,42.0211,-72.2517,2009-09-24,2009,2,1
16417,41.9934,-72.2695,2009-09-24,2009,3,1
16419,41.9599,-72.2994,2009-09-24,2009,4,1
14150,41.0276,-73.6621,2009-09-29,2009,5,1
14360,41.2675,-73.4414,2009-09-29,2009,5,1
14361,41.1359,-73.426,2009-09-29,2009,5,1
14370,41.1909,-73.4297,2009-09-29,2009,5,1
14445,41.1693,-73.367,2009-09-29,2009,4,1
14706,41.3928,-71.9604,2009-09-29,2009,3,1
14720,41.4568,-71.8169,2009-09-29,2009,3,1
15312,41.409952,-72.329059,2009-09-30,2009,3,1
14305,42.0147,-72.0017,2009-10-01,2009,3,1
14321,41.6497,-73.0774,2009-10-01,2009,5,1
14322,41.631,-73.0772,2009-10-01,2009,5,1
14410,42.022,-71.9528,2009-10-01,2009,4,1
14825,41.6743,-73.0695,2009-10-01,2009,5,1
15151,41.912,-71.9163,2009-10-01,2009,3,1
16338,41.8561,-73.1602,2009-10-01,2009,3,1
14314,41.8008,-72.1182,2009-10-02,2009,3,1
14588,41.8957,-72.0714,2009-10-02,2009,3,1
14590,41.8671,-72.0921,2009-10-02,2009,3,1
16128,41.7812,-72.1509,2009-10-02,2009,3,1
16322,41.8456,-72.4816,2009-10-02,2009,4,1
14444,41.2945,-73.3948,2009-10-05,2009,3,1
16143,41.2931,-73.3678,2009-10-05,2009,3,1
16340,41.322,-73.4229,2009-10-05,2009,3,1
14450,41.5489,-73.3308,2009-10-06,2009,3,1
16333,41.4826,-73.2205,2009-10-06,2009,3,1
17299,41.5409,-72.9485,2009-10-09,2009,5,1
14490,41.3399,-72.7154,2009-10-13,2009,3,1
16139,41.9267,-73.2799,2009-10-13,2009,2,1
16334,41.6255,-73.1593,2009-10-13,2009,3,1
14277,41.6393,-72.0582,2009-10-14,2009,3,1
14492,41.8326,-72.3079,2009-10-14,2009,3,1
14582,41.7623,-72.2691,2009-10-14,2009,3,1
14585,41.7659,-72.3927,2009-10-14,2009,3,1
14586,41.7212,-72.2548,2009-10-14,2009,3,1
14587,41.6937,-72.2632,2009-10-14,2009,3,1
15210,41.6841,-72.1092,2009-10-14,2009,3,1
15301,41.8067,-72.2646,2009-10-14,2009,5,1
15302,41.804,-72.266,2009-10-14,2009,4,1
15304,41.7938,-72.2752,2009-10-14,2009,3,1
15783,41.7882,-72.2776,2009-10-14,2009,3,1
15892,41.6175,-72.085,2009-10-14,2009,3,1
14420,41.5502,-72.8705,2009-10-15,2009,5,1
14422,41.4912,-72.8174,2009-10-15,2009,5,1
16325,41.5425,-72.7707,2009-10-15,2009,5,1
14580,41.9505,-72.3037,2009-10-21,2009,4,1
14581,41.9423,-72.3058,2009-10-21,2009,4,1
14583,41.9525,-72.3039,2009-10-21,2009,4,1
14584,41.904,-72.2891,2009-10-21,2009,2,1
14206,41.9548,-71.884,2009-10-22,2009,3,1
14207,42.0248,-71.8843,2009-10-22,2009,4,1
14441,41.5742,-72.4294,2009-10-22,2009,2,1
14863,42.0134,-71.802,2009-10-22,2009,2,1
16131,41.3314,-72.595,2009-10-22,2009,3,1
16243,41.918,-71.83,2009-10-22,2009,3,1
16106,41.9108,-72.1245,2009-10-26,2009,2,1
16288,41.9199,-72.1256,2009-10-26,2009,2,1
14296,41.667,-71.9227,2009-11-03,2009,3,1
14593,41.831633,-71.878097,2009-11-03,2009,3,1
14599,41.8499,-71.9359,2009-11-03,2009,3,1
14600,41.7407,-71.9488,2009-11-03,2009,3,1
14888,41.7109,-71.8778,2009-11-03,2009,2,1
15720,41.7896,-71.9723,2009-11-03,2009,2,1
16304,41.7809,-71.901,2009-11-03,2009,3,1
14199,41.863,-72.2402,2009-11-04,2009,3,1
14591,41.7971,-72.1716,2009-11-04,2009,3,1
14592,41.7925,-72.21,2009-11-04,2009,2,1
14999,41.9645,-71.9657,2009-11-04,2009,3,1
14601,41.5632,-71.9834,2009-11-09,2009,3,1
15543,41.5947,-72.1923,2009-11-09,2009,3,1
17300,41.5605,-72.3167,2009-11-16,2009,3,1
18209,41.56052,-72.330771,2009-11-16,2009,3,1
14719,41.4566,-71.8172,2010-09-15,2010,3,1
15010,41.5603,-72.3349,2010-09-15,2010,3,1
15796,41.4748,-71.8342,2010-09-15,2010,2,1
16112,41.4283,-72.4226,2010-09-15,2010,2,1
16343,41.4523,-71.809,2010-09-15,2010,4,1
17300,41.5605,-72.3167,2010-09-15,2010,3,1
18209,41.56052,-72.330771,2010-09-15,2010,3,1
14314,41.8008,-72.1182,2010-09-16,2010,3,1
15301,41.8067,-72.2646,2010-09-16,2010,5,1
15302,41.804,-72.266,2010-09-16,2010,4,1
15304,41.7938,-72.2752,2010-09-16,2010,3,1
16128,41.7812,-72.1509,2010-09-16,2010,3,1
14278,41.6158,-72.0416,2010-09-20,2010,4,1
14392,41.6738,-72.8977,2010-09-20,2010,5,1
15319,41.8158,-72.8294,2010-09-20,2010,4,1
16319,41.6708,-72.9774,2010-09-20,2010,5,1
16341,41.8286,-72.8667,2010-09-20,2010,3,1
14436,41.7191,-72.602,2010-09-21,2010,4,1
14983,41.7181,-72.6133,2010-09-21,2010,5,1
15184,41.6643,-72.5977,2010-09-21,2010,4,1
14214,41.9841,-72.2947,2010-09-22,2010,4,1
14581,41.9423,-72.3058,2010-09-22,2010,5,1
14153,41.5547,-72.6737,2010-09-23,2010,4,1
14235,41.7822,-72.5912,2010-09-23,2010,5,1
14241,41.8503,-72.4878,2010-09-23,2010,5,1
14288,41.6189,-72.7127,2010-09-23,2010,5,1
14470,41.8272,-72.464,2010-09-23,2010,3,1
14479,41.7314,-72.7231,2010-09-23,2010,5,1
16131,41.3314,-72.595,2010-09-23,2010,3,1
14414,41.4501,-72.8407,2010-09-24,2010,5,1
14605,41.5908,-72.9009,2010-09-24,2010,3,1
16066,41.914,-72.765,2010-09-24,2010,4,1
14317,41.4435,-73.0642,2010-09-27,2010,5,1
14361,41.1359,-73.426,2010-09-27,2010,5,1
14458,41.4389,-73.401,2010-09-27,2010,5,1
14724,41.4673,-72.157,2010-09-27,2010,3,1
14731,41.5021,-72.1235,2010-09-27,2010,3,1
14733,41.4366,-72.1062,2010-09-27,2010,5,1
16298,41.4716,-72.1182,2010-09-27,2010,3,1
16204,41.6175,-73.131,2010-09-28,2010,3,1
14197,41.7508,-72.8717,2010-09-29,2010,3,1
14283,41.9199,-73.0597,2010-09-29,2010,3,1
14713,41.9503,-73.049,2010-09-29,2010,4,1
14841,41.8257,-72.9295,2010-09-29,2010,3,1
15825,41.9168,-72.989,2010-09-29,2010,3,1
16106,41.9108,-72.1245,2010-09-29,2010,3,1
16288,41.9199,-72.1256,2010-09-29,2010,2,1
17299,41.5409,-72.9485,2010-09-29,2010,4,1
14263,41.5681,-72.1702,2010-10-04,2010,4,1
14734,41.5766,-72.1918,2010-10-04,2010,3,1
14735,41.5583,-72.112,2010-10-04,2010,4,1
14738,41.5433,-72.1734,2010-10-04,2010,3,1
14739,41.5724,-72.1324,2010-10-04,2010,3,1
15020,41.43,-72.3392,2010-10-04,2010,3,1
15312,41.409952,-72.329059,2010-10-04,2010,3,1
15543,41.5947,-72.1923,2010-10-04,2010,4,1
14379,41.3978,-71.8422,2010-10-05,2010,3,1
14706,41.3928,-71.9604,2010-10-05,2010,3,1
14721,41.4101,-71.8452,2010-10-05,2010,3,1
14366,41.246,-73.4341,2010-10-07,2010,4,1
14444,41.2945,-73.3948,2010-10-07,2010,3,1
15364,41.1718,-73.3643,2010-10-07,2010,4,1
16143,41.2931,-73.3678,2010-10-07,2010,3,1
16346,41.1703,-73.4172,2010-10-07,2010,4,1
14723,41.3219,-72.1054,2010-10-08,2010,5,1
16295,41.3695,-72.2002,2010-10-08,2010,3,1
14732,41.4981,-72.0365,2010-10-12,2010,4,1
16063,41.7794,-73.2663,2010-10-12,2010,4,1
16139,41.9267,-73.2799,2010-10-12,2010,2,1
14576,41.6008,-72.7141,2010-10-18,2010,4,1
14446,41.8941,-72.5723,2010-11-03,2010,4,1
15221,41.982,-72.5407,2010-11-03,2010,3,1
14720,41.4568,-71.8169,2011-10-11,2011,2,1
15315,41.4603,-72.3343,2011-10-11,2011,2,1
15796,41.4748,-71.8342,2011-10-11,2011,2,1
16112,41.4283,-72.4226,2011-10-11,2011,2,1
14469,41.8201,-72.5033,2011-10-12,2011,4,1
15312,41.409952,-72.329059,2011-10-12,2011,3,1
16110,41.6615,-72.5365,2011-10-12,2011,3,1
16119,41.5623,-72.4338,2011-10-12,2011,2,1
16307,41.5408,-72.653,2011-10-12,2011,5,1
16323,41.5394,-72.6858,2011-10-12,2011,4,1
16131,41.3314,-72.595,2011-10-13,2011,4,1
14226,41.5314,-72.8218,2011-10-17,2011,5,1
14366,41.246,-73.4341,2011-10-17,2011,4,1
14473,41.5267,-72.9331,2011-10-17,2011,4,1
16078,41.6621,-72.947,2011-10-17,2011,3,1
16325,41.5425,-72.7707,2011-10-17,2011,5,1
14444,41.2945,-73.3948,2011-10-18,2011,3,1
14445,41.1693,-73.367,2011-10-18,2011,4,1
15364,41.1718,-73.3643,2011-10-18,2011,4,1
15999,41.2665,-73.0049,2011-10-18,2011,5,1
16143,41.2931,-73.3678,2011-10-18,2011,3,1
16326,41.4309,-72.8196,2011-10-18,2011,5,1
14129,41.4684,-73.0501,2011-10-20,2011,4,1
16337,41.3351,-73.0766,2011-10-20,2011,5,1
15044,41.7769,-73.4192,2011-10-21,2011,2,1
15244,41.7217,-73.4572,2011-10-21,2011,3,1
15510,41.7454,-73.4542,2011-10-21,2011,3,1
16124,41.938249,-73.321123,2011-10-21,2011,2,1
16139,41.9267,-73.2799,2011-10-21,2011,2,1
14355,41.5575,-73.2122,2011-10-24,2011,4,1
14358,41.0898,-73.5152,2011-10-24,2011,5,1
14361,41.1359,-73.426,2011-10-24,2011,5,1
15530,41.5575,-73.2155,2011-10-24,2011,3,1
16002,41.0274,-73.661,2011-10-24,2011,5,1
16335,41.5783,-73.1745,2011-10-24,2011,3,1
16431,41.5696,-73.2259,2011-10-24,2011,3,1
17321,41.6121,-73.1761,2011-10-24,2011,3,1
14394,41.2343,-73.1838,2011-10-25,2011,5,1
14414,41.4501,-72.8407,2011-10-25,2011,5,1
16141,41.2534,-73.2059,2011-10-25,2011,5,1
14183,41.5979,-73.4152,2011-10-26,2011,4,1
14404,41.4717,-73.256,2011-10-26,2011,4,1
14450,41.5489,-73.3308,2011-10-26,2011,3,1
14482,41.8181,-73.1441,2011-10-26,2011,4,1
14488,41.604889,-73.428789,2011-10-26,2011,3,1
15035,41.7472,-73.115,2011-10-26,2011,2,1
16332,41.6546,-73.3785,2011-10-26,2011,5,1
14413,41.528244,-72.856272,2011-10-27,2011,5,1
16128,41.7812,-72.1509,2011-10-27,2011,3,1
14280,41.4058,-73.0926,2011-11-07,2011,4,1
14409,41.4162,-73.2824,2011-11-07,2011,4,1
14686,42.0096,-73.2806,2011-11-07,2011,5,1
15994,41.3842,-73.1642,2011-11-07,2011,4,1
16718,41.3886,-73.1936,2011-11-07,2011,3,1
14360,41.2675,-73.4414,2011-11-08,2011,4,1
14362,41.3158,-73.4792,2011-11-08,2011,4,1
14370,41.1909,-73.4297,2011-11-08,2011,5,1
14804,41.8804,-73.331,2011-11-08,2011,3,1
15507,41.8144,-73.3769,2011-11-08,2011,4,1
16127,41.864151,-73.167442,2011-11-08,2011,2,1
14284,41.5439,-73.0384,2011-11-09,2011,5,1
14317,41.4435,-73.0642,2011-11-09,2011,5,1
14456,41.5805,-73.0703,2011-11-09,2011,5,1
14710,41.683397,-73.298268,2011-11-09,2011,3,1
15005,41.7588,-73.1841,2011-11-09,2011,3,1
15253,41.758,-73.1861,2011-11-09,2011,4,1
15531,41.7164,-73.0604,2011-11-09,2011,4,1
18123,41.6737,-73.0853,2011-11-09,2011,3,1
14484,41.9372,-72.8215,2011-11-10,2011,2,1
15240,42.0356,-72.9384,2011-11-10,2011,2,1
16370,41.7807,-72.963,2011-11-10,2011,3,1
16387,42.033,-72.9207,2011-11-10,2011,3,1
14248,41.4987,-73.0537,2011-11-14,2011,5,1
14439,41.9337,-73.3908,2011-11-14,2011,4,1
14792,41.4864,-73.0556,2011-11-14,2011,5,1
14458,41.4389,-73.401,2011-11-15,2011,5,1
14489,41.3303,-72.9663,2011-11-15,2011,5,1
15580,41.5648,-73.3936,2011-11-15,2011,4,1
17610,41.280798,-72.999271,2011-11-15,2011,5,1
17707,41.364,-72.9794,2011-11-15,2011,5,1
17708,41.2722,-73.0008,2011-11-15,2011,5,1
14305,42.0147,-72.0017,2011-11-16,2011,4,1
14471,41.6664,-73.5119,2011-11-16,2011,4,1
14740,41.512349,-73.52695,2011-11-16,2011,3,1
15102,41.3191,-73.1618,2011-11-21,2011,4,1
16938,41.7339,-72.7117,2011-11-21,2011,5,1
16971,41.7122,-72.7369,2011-11-21,2011,5,1
17174,41.825,-72.7386,2011-11-21,2011,5,1
17728,41.76588,-72.76033,2011-11-21,2011,5,1
14288,41.6189,-72.7127,2012-09-17,2012,5,1
14501,41.6423,-72.7503,2012-09-17,2012,5,1
14551,41.4435,-72.6882,2012-09-17,2012,4,1
15250,41.6383,-72.7333,2012-09-17,2012,5,1
15333,41.6405,-72.7421,2012-09-17,2012,5,1
15406,41.6424,-72.7207,2012-09-17,2012,4,1
16307,41.5408,-72.653,2012-09-17,2012,5,1
16336,41.622,-72.7697,2012-09-17,2012,4,1
14441,41.5742,-72.4294,2012-09-18,2012,4,1
14400,41.565,-72.5069,2012-09-19,2012,5,1
14401,41.5352,-72.5182,2012-09-19,2012,3,1
14720,41.4568,-71.8169,2012-09-19,2012,3,1
14721,41.4101,-71.8452,2012-09-19,2012,4,1
16121,41.5544,-72.4523,2012-09-19,2012,2,1
17568,41.576275,-72.287584,2012-09-19,2012,3,1
16535,41.6228,-72.558,2012-09-20,2012,3,1
14396,41.5079,-72.4952,2012-09-21,2012,3,1
16112,41.4283,-72.4226,2012-09-21,2012,2,1
14598,41.6022,-71.9868,2012-09-24,2012,5,1
15571,41.8365,-72.9295,2012-09-24,2012,4,1
15964,41.7681,-72.8497,2012-09-24,2012,5,1
16316,41.8377,-72.8817,2012-09-24,2012,3,1
14609,41.9081,-71.9096,2012-09-25,2012,5,1
16128,41.7812,-72.1509,2012-09-26,2012,4,1
15239,41.0995,-73.6832,2012-10-01,2012,3,1
15854,41.4151,-72.8012,2012-10-01,2012,4,1
16143,41.2931,-73.3678,2012-10-01,2012,3,1
16295,41.3695,-72.2002,2012-10-01,2012,4,1
16734,41.3722,-72.0456,2012-10-01,2012,4,1
17530,41.38712,-71.97682,2012-10-01,2012,3,1
14710,41.683397,-73.298268,2012-10-02,2012,3,1
15530,41.5575,-73.2155,2012-10-02,2012,4,1
16335,41.5783,-73.1745,2012-10-02,2012,4,1
14442,41.974,-73.0406,2012-10-03,2012,3,1
14461,41.9685,-73.0331,2012-10-03,2012,3,1
15678,42.0109,-73.0888,2012-10-03,2012,3,1
15792,41.9602,-73.0178,2012-10-03,2012,4,1
15825,41.9168,-72.989,2012-10-03,2012,3,1
16258,41.9735,-73.0209,2012-10-03,2012,4,1
16373,41.8772,-72.9778,2012-10-03,2012,2,1
16758,42.0078,-73.0042,2012-10-03,2012,2,1
14390,41.6742,-72.9619,2012-10-04,2012,5,1
14392,41.6738,-72.8977,2012-10-04,2012,5,1
14402,41.6912,-73.0045,2012-10-04,2012,3,1
14263,41.5681,-72.1702,2012-10-05,2012,5,1
15315,41.4603,-72.3343,2012-10-05,2012,3,1
14377,41.3991,-72.4651,2012-10-09,2012,3,1
16505,41.4975,-72.6064,2012-10-09,2012,2,1
16846,41.4644,-72.5092,2012-10-09,2012,3,1
17061,41.3019,-72.4569,2012-10-09,2012,4,1
14842,41.9305,-73.079,2012-10-10,2012,3,1
16313,41.9477,-73.1444,2012-10-10,2012,3,1
16124,41.938249,-73.321123,2012-10-11,2012,2,1
16127,41.864151,-73.167442,2012-10-11,2012,2,1
16139,41.9267,-73.2799,2012-10-11,2012,3,1
16385,41.932,-72.9754,2012-10-11,2012,2,1
16387,42.033,-72.9207,2012-10-11,2012,2,1
14584,41.904,-72.2891,2012-10-12,2012,3,1
14866,41.9833,-72.2179,2012-10-12,2012,2,1
15179,41.4671,-72.3372,2012-10-12,2012,3,1
15304,41.7938,-72.2752,2012-10-12,2012,3,1
15520,41.925,-72.3162,2012-10-12,2012,2,1
15783,41.7882,-72.2776,2012-10-12,2012,3,1
14174,41.4309,-72.3375,2012-10-15,2012,3,1
14187,41.4312,-72.3376,2012-10-15,2012,3,1
14241,41.8503,-72.4878,2012-10-15,2012,5,1
14470,41.8272,-72.464,2012-10-15,2012,3,1
16410,41.4244,-72.4084,2012-10-15,2012,2,1
14484,41.9372,-72.8215,2012-10-16,2012,4,1
15499,41.94096,-72.834302,2012-10-16,2012,4,1
16080,41.9745,-72.896,2012-10-16,2012,2,1
14147,41.9147,-72.549,2012-10-17,2012,5,1
14840,41.9741,-72.8375,2012-10-17,2012,2,1
15221,41.982,-72.5407,2012-10-17,2012,4,1
16501,42.0122,-72.8775,2012-10-17,2012,3,1
16370,41.7807,-72.963,2012-10-18,2012,3,1
14479,41.7314,-72.7231,2012-10-22,2012,5,1
15319,41.8158,-72.8294,2012-10-22,2012,5,1
15994,41.3842,-73.1642,2012-10-22,2012,3,1
16400,41.797,-72.72,2012-10-22,2012,5,1
17186,41.4878,-73.3508,2012-10-22,2012,3,1
17556,41.796962,-72.42478,2012-10-22,2012,2,1
14278,41.6158,-72.0416,2012-10-23,2012,4,1
14601,41.5632,-71.9834,2012-10-23,2012,3,1
15313,41.4733,-72.2851,2012-10-25,2012,4,1
14316,41.6159,-73.0579,2013-09-16,2013,5,1
14319,41.7361,-73.1054,2013-09-16,2013,5,1
16127,41.864151,-73.167442,2013-09-16,2013,2,1
14146,41.3072,-72.7648,2013-09-17,2013,5,1
14414,41.4501,-72.8407,2013-09-17,2013,5,1
15018,41.4063,-72.771,2013-09-17,2013,5,1
15067,41.3524,-72.8073,2013-09-17,2013,5,1
15087,41.3668,-72.8543,2013-09-17,2013,5,1
14251,41.8806,-73.3654,2013-09-18,2013,4,1
14740,41.512349,-73.52695,2013-09-18,2013,3,1
14404,41.4717,-73.256,2013-09-19,2013,5,1
14450,41.5489,-73.3308,2013-09-19,2013,4,1
15315,41.4603,-72.3343,2013-09-19,2013,2,1
16119,41.5623,-72.4338,2013-09-19,2013,2,1
14490,41.3399,-72.7154,2013-09-20,2013,4,1
16528,41.395779,-72.72126,2013-09-20,2013,3,1
14284,41.5439,-73.0384,2013-09-23,2013,5,1
14456,41.5805,-73.0703,2013-09-23,2013,5,1
14792,41.4864,-73.0556,2013-09-23,2013,5,1
15013,41.4259,-72.9056,2013-09-24,2013,4,1
15854,41.4151,-72.8012,2013-09-24,2013,5,1
16135,41.4272,-72.9899,2013-09-24,2013,3,1
16413,41.3972,-72.8928,2013-09-24,2013,5,1
14361,41.1359,-73.426,2013-09-25,2013,5,1
14554,41.2268,-73.4246,2013-09-25,2013,5,1
14556,41.1361,-73.4346,2013-09-25,2013,5,1
14172,41.4131,-73.2823,2013-09-26,2013,4,1
14195,41.2591,-73.0979,2013-09-26,2013,5,1
14458,41.4389,-73.401,2013-09-26,2013,5,1
14721,41.4101,-71.8452,2013-09-30,2013,4,1
14719,41.4566,-71.8172,2013-10-01,2013,4,1
14720,41.4568,-71.8169,2013-10-01,2013,2,1
15015,41.4399,-71.9741,2013-10-01,2013,5,1
15796,41.4748,-71.8342,2013-10-01,2013,3,1
14298,41.208,-73.257,2013-10-02,2013,4,1
14445,41.1693,-73.367,2013-10-02,2013,4,1
14727,41.4107,-72.2217,2013-10-02,2013,5,1
15357,41.1457,-73.3012,2013-10-02,2013,5,1
16594,41.405177,-72.225708,2013-10-02,2013,4,1
17211,41.4506,-71.8444,2013-10-02,2013,5,1
18496,41.30213,-73.27415,2013-10-02,2013,3,1
14293,41.0806,-73.5812,2013-10-03,2013,5,1
14470,41.8272,-72.464,2013-10-03,2013,3,1
16110,41.6615,-72.5365,2013-10-03,2013,3,1
16128,41.7812,-72.1509,2013-10-03,2013,4,1
14226,41.5314,-72.8218,2013-10-07,2013,5,1
14362,41.3158,-73.4792,2013-10-07,2013,5,1
14413,41.528244,-72.856272,2013-10-07,2013,5,1
14473,41.5267,-72.9331,2013-10-07,2013,4,1
14553,41.2604,-73.4367,2013-10-07,2013,5,1
14247,41.9431,-73.3058,2013-10-08,2013,4,1
16114,41.9328,-73.1214,2013-10-08,2013,2,1
16124,41.938249,-73.321123,2013-10-08,2013,2,1
18498,41.788153,-73.21877,2013-10-08,2013,5,1
14126,41.1864,-73.3429,2013-10-09,2013,4,1
15364,41.1718,-73.3643,2013-10-09,2013,4,1
15375,41.1769,-73.3579,2013-10-09,2013,4,1
15380,41.2287,-73.3241,2013-10-09,2013,5,1
16144,41.3076,-73.332,2013-10-09,2013,3,1
16259,41.2132,-73.3291,2013-10-09,2013,4,1
16260,41.2589,-73.3247,2013-10-09,2013,3,1
16261,41.2771,-73.3275,2013-10-09,2013,2,1
15240,42.0356,-72.9384,2013-10-15,2013,2,1
16136,41.3458,-72.9585,2013-10-15,2013,4,1
16138,41.3297,-73.0296,2013-10-15,2013,4,1
16370,41.7807,-72.963,2013-10-15,2013,3,1
16044,41.3742,-72.593,2013-10-16,2013,3,1
16296,41.3208,-72.2575,2013-10-16,2013,4,1
18468,41.484687,-72.0413,2013-10-16,2013,3,1
18515,41.356489,-72.536493,2013-10-16,2013,5,1
16143,41.2931,-73.3678,2013-10-17,2013,3,1
14290,41.3565,-72.5405,2013-10-21,2013,3,1
14394,41.2343,-73.1838,2013-10-21,2013,4,1
16141,41.2534,-73.2059,2013-10-21,2013,4,1
17448,41.3204,-73.2405,2013-10-21,2013,4,1
17455,41.301,-73.2489,2013-10-21,2013,5,1
14358,41.0898,-73.5152,2013-10-22,2013,5,1
14250,41.7767,-72.5612,2013-11-06,2013,5,1
18509,41.762739,-72.516012,2013-11-06,2013,4,1
14147,41.9147,-72.549,2014-09-15,2014,5,1
14469,41.8201,-72.5033,2014-09-15,2014,4,1
14584,41.904,-72.2891,2014-09-16,2014,3,1
14720,41.4568,-71.8169,2014-09-16,2014,3,1
15990,41.8459,-72.3865,2014-09-16,2014,5,1
14609,41.9081,-71.9096,2014-09-17,2014,5,1
14706,41.3928,-71.9604,2014-09-17,2014,4,1
15151,41.912,-71.9163,2014-09-17,2014,4,1
16734,41.3722,-72.0456,2014-09-17,2014,4,1
17530,41.38712,-71.97682,2014-09-17,2014,3,1
14602,41.661,-72.1101,2014-09-18,2014,3,1
15711,41.7561,-72.0473,2014-09-18,2014,3,1
14197,41.7508,-72.8717,2014-09-19,2014,4,1
14479,41.7314,-72.7231,2014-09-19,2014,5,1
16066,41.914,-72.765,2014-09-19,2014,5,1
14390,41.6742,-72.9619,2014-09-23,2014,5,1
14392,41.6738,-72.8977,2014-09-23,2014,5,1
14450,41.5489,-73.3308,2014-09-23,2014,3,1
14825,41.6743,-73.0695,2014-09-23,2014,5,1
15301,41.8067,-72.2646,2014-09-23,2014,5,1
15302,41.804,-72.266,2014-09-23,2014,5,1
15303,41.7991,-72.2738,2014-09-23,2014,3,1
15304,41.7938,-72.2752,2014-09-23,2014,3,1
15714,41.8164,-72.279,2014-09-23,2014,3,1
15752,41.8089,-72.2633,2014-09-23,2014,5,1
15783,41.7882,-72.2776,2014-09-23,2014,3,1
14207,42.0248,-71.8843,2014-09-24,2014,4,1
14842,41.9305,-73.079,2014-09-24,2014,4,1
15530,41.5575,-73.2155,2014-09-24,2014,4,1
16400,41.797,-72.72,2014-09-25,2014,5,1
18685,41.819229,-72.739279,2014-09-25,2014,5,1
14444,41.2945,-73.3948,2014-09-29,2014,4,1
16124,41.938249,-73.321123,2014-09-29,2014,2,1
16139,41.9267,-73.2799,2014-09-29,2014,3,1
16143,41.2931,-73.3678,2014-09-29,2014,3,1
16387,42.033,-72.9207,2014-09-29,2014,2,1
14593,41.831633,-71.878097,2014-09-30,2014,3,1
14598,41.6022,-71.9868,2014-09-30,2014,5,1
15315,41.4603,-72.3343,2014-09-30,2014,2,1
16110,41.6615,-72.5365,2014-09-30,2014,4,1
16119,41.5623,-72.4338,2014-09-30,2014,2,1
16304,41.7809,-71.901,2014-09-30,2014,5,1
14153,41.5547,-72.6737,2014-10-02,2014,4,1
14174,41.4309,-72.3375,2014-10-02,2014,3,1
16307,41.5408,-72.653,2014-10-02,2014,5,1
14248,41.4987,-73.0537,2014-10-03,2014,5,1
14792,41.4864,-73.0556,2014-10-03,2014,5,1
15540,41.5049,-73.0584,2014-10-03,2014,5,1
14731,41.5021,-72.1235,2014-10-06,2014,2,1
16015,41.7828,-72.0398,2014-10-06,2014,2,1
16298,41.4716,-72.1182,2014-10-06,2014,3,1
16299,41.4293,-72.172,2014-10-06,2014,2,1
17427,41.8186,-72.1316,2014-10-06,2014,5,1
14580,41.9505,-72.3037,2014-10-07,2014,4,1
14583,41.9525,-72.3039,2014-10-07,2014,4,1
14594,41.7148,-71.8931,2014-10-07,2014,4,1
15520,41.925,-72.3162,2014-10-07,2014,2,1
15720,41.7896,-71.9723,2014-10-07,2014,2,1
16303,41.6977,-71.823,2014-10-07,2014,3,1
17405,41.9818,-72.2215,2014-10-07,2014,5,1
14288,41.6189,-72.7127,2014-10-08,2014,5,1
14592,41.7925,-72.21,2014-10-08,2014,2,1
14866,41.9833,-72.2179,2014-10-08,2014,2,1
14885,41.6743,-72.956,2014-10-08,2014,3,1
15413,41.605,-72.7577,2014-10-08,2014,5,1
14263,41.5681,-72.1702,2014-10-09,2014,5,1
14734,41.5766,-72.1918,2014-10-09,2014,4,1
14738,41.5433,-72.1734,2014-10-09,2014,3,1
14739,41.5724,-72.1324,2014-10-09,2014,4,1
15003,41.8751,-71.9658,2014-10-09,2014,3,1
15567,41.5807,-72.187,2014-10-09,2014,3,1
15776,41.881,-72.16,2014-10-09,2014,3,1
15087,41.3668,-72.8543,2014-10-14,2014,5,1
18789,41.398123,-72.815119,2014-10-14,2014,4,1
14277,41.6393,-72.0582,2014-10-15,2014,3,1
14732,41.4981,-72.0365,2014-10-15,2014,3,1
14305,42.0147,-72.0017,2014-10-20,2014,3,1
14888,41.7109,-71.8778,2014-10-21,2014,3,1
15240,42.0356,-72.9384,2014-10-21,2014,2,1
16679,41.6831,-71.9058,2014-10-21,2014,3,1
15015,41.4399,-71.9741,2015-09-08,2015,5,1
14450,41.5489,-73.3308,2015-09-14,2015,4,1
15703,41.9592,-72.8469,2015-09-14,2015,2,1
16258,41.9735,-73.0209,2015-09-14,2015,3,1
18875,41.598459,-73.347537,2015-09-14,2015,3,1
15499,41.94096,-72.834302,2015-09-15,2015,4,1
15837,41.8395,-72.9346,2015-09-15,2015,4,1
16119,41.5623,-72.4338,2015-09-15,2015,2,1
16239,41.878,-72.965,2015-09-15,2015,4,1
17271,41.8733,-72.9063,2015-09-15,2015,2,1
17568,41.576275,-72.287584,2015-09-15,2015,3,1
15176,41.7569,-72.1523,2015-09-16,2015,4,1
15386,41.815,-72.2319,2015-09-16,2015,3,1
16022,41.5856,-73.2292,2015-09-16,2015,3,1
16335,41.5783,-73.1745,2015-09-16,2015,4,1
16984,41.4686,-73.2911,2015-09-16,2015,3,1
16202,41.5666,-72.6644,2015-09-17,2015,5,1
16225,41.9015,-72.6708,2015-09-17,2015,5,1
14553,41.2604,-73.4367,2015-09-21,2015,5,1
14804,41.8804,-73.331,2015-09-21,2015,3,1
16254,41.6568,-73.318,2015-09-21,2015,3,1
18463,41.12685,-73.47101,2015-09-21,2015,5,1
18935,41.23232,-73.3451,2015-09-22,2015,4,1
16127,41.864151,-73.167442,2015-09-23,2015,2,1
16191,41.9173,-73.1949,2015-09-23,2015,2,1
16370,41.7807,-72.963,2015-09-23,2015,3,1
17398,41.7254,-72.95,2015-09-23,2015,2,1
14825,41.6743,-73.0695,2015-09-24,2015,5,1
15993,41.7174,-73.0867,2015-09-24,2015,5,1
16049,41.7412,-73.1148,2015-09-24,2015,5,1
18877,41.7211,-73.05769,2015-09-24,2015,3,1
16124,41.938249,-73.321123,2015-09-25,2015,2,1
16139,41.9267,-73.2799,2015-09-25,2015,3,1
14129,41.4684,-73.0501,2015-09-28,2015,4,1
16268,41.288,-73.1461,2015-09-28,2015,5,1
18931,41.411667,-73.07055,2015-09-28,2015,5,1
17565,42.01196,-71.871901,2015-09-29,2015,4,1
18932,41.963157,-71.89015,2015-09-29,2015,4,1
14199,41.863,-72.2402,2015-10-01,2015,4,1
14470,41.8272,-72.464,2015-10-01,2015,3,1
14866,41.9833,-72.2179,2015-10-01,2015,2,1
15315,41.4603,-72.3343,2015-10-01,2015,2,1
16112,41.4283,-72.4226,2015-10-01,2015,2,1
16122,41.4978,-72.3435,2015-10-01,2015,2,1
17816,41.90276,-72.06398,2015-10-01,2015,3,1
14414,41.4501,-72.8407,2015-10-02,2015,5,1
15201,41.545673,-72.765549,2015-10-02,2015,5,1
15413,41.605,-72.7577,2015-10-02,2015,4,1
17061,41.3019,-72.4569,2015-10-02,2015,5,1
14278,41.6158,-72.0416,2015-10-05,2015,4,1
14720,41.4568,-71.8169,2015-10-05,2015,2,1
15008,41.7172,-71.8422,2015-10-06,2015,4,1
15051,41.8829,-71.9286,2015-10-06,2015,4,1
16972,41.7067,-73.1619,2015-10-06,2015,2,1
17181,41.7628,-73.1897,2015-10-06,2015,4,1
17852,41.89866,-71.80928,2015-10-06,2015,3,1
16428,41.309,-73.3658,2015-10-07,2015,5,1
16588,41.2742,-73.4642,2015-10-07,2015,5,1
17342,41.465,-73.465,2015-10-07,2015,5,1
14413,41.528244,-72.856272,2015-10-09,2015,5,1
14523,41.9667,-73.4341,2015-11-18,2015,3,1
16603,41.5803,-72.4083,2015-11-18,2015,5,1
15013,41.4259,-72.9056,2016-09-19,2016,4,1
15796,41.4748,-71.8342,2016-09-20,2016,3,1
19021,41.82225,-72.543615,2016-09-20,2016,5,1
19024,41.966806,-72.362173,2016-09-20,2016,4,1
14226,41.5314,-72.8218,2016-09-21,2016,5,1
14413,41.528244,-72.856272,2016-09-21,2016,5,1
14414,41.4501,-72.8407,2016-09-21,2016,5,1
15530,41.5575,-73.2155,2016-09-21,2016,4,1
16431,41.5696,-73.2259,2016-09-21,2016,4,1
14727,41.4107,-72.2217,2016-09-26,2016,4,1
16276,41.4375,-72.2253,2016-09-26,2016,4,1
15043,41.8212,-73.3713,2016-09-27,2016,3,1
15529,41.7298,-73.4884,2016-09-27,2016,4,1
14251,41.8806,-73.3654,2016-09-28,2016,4,1
14358,41.0898,-73.5152,2016-09-28,2016,5,1
14361,41.1359,-73.426,2016-09-28,2016,5,1
14439,41.9337,-73.3908,2016-09-28,2016,4,1
19026,41.027382,-73.633868,2016-09-28,2016,5,1
14128,41.6884,-73.2668,2016-09-29,2016,4,1
14482,41.8181,-73.1441,2016-09-29,2016,5,1
18867,41.617548,-72.426253,2016-09-30,2016,3,1
14129,41.4684,-73.0501,2016-10-05,2016,4,1
14179,41.797345,-73.115842,2016-10-05,2016,5,1
14316,41.6159,-73.0579,2016-10-05,2016,5,1
14317,41.4435,-73.0642,2016-10-05,2016,5,1
14319,41.7361,-73.1054,2016-10-05,2016,5,1
14341,41.7891,-73.1145,2016-10-05,2016,5,1
14456,41.5805,-73.0703,2016-10-05,2016,5,1
14800,41.6105,-73.1153,2016-10-05,2016,5,1
15531,41.7164,-73.0604,2016-10-05,2016,3,1
14686,42.0096,-73.2806,2016-10-06,2016,5,1
16114,41.9328,-73.1214,2016-10-06,2016,4,1
14520,41.9751,-73.4212,2016-10-07,2016,5,1
14880,42.0495,-73.4301,2016-10-07,2016,3,1
19019,41.993089,-73.438412,2016-10-07,2016,2,1
14394,41.2343,-73.1838,2016-10-11,2016,5,1
16141,41.2534,-73.2059,2016-10-11,2016,4,1
15240,42.0356,-72.9384,2016-10-12,2016,3,1
16502,42.0056,-72.8508,2016-10-12,2016,2,1
14605,41.5908,-72.9009,2016-10-13,2016,4,1
15479,41.5996,-72.8854,2016-10-13,2016,5,1
19016,41.76615,-72.7392,2016-10-13,2016,5,1
19017,41.654345,-73.036215,2016-10-13,2016,5,1
14444,41.2945,-73.3948,2016-10-17,2016,4,1
16261,41.2771,-73.3275,2016-10-17,2016,3,1
14183,41.5979,-73.4152,2016-10-18,2016,4,1
14450,41.5489,-73.3308,2016-10-18,2016,4,1
19020,41.570871,-73.327091,2016-10-18,2016,3,1
14360,41.2675,-73.4414,2016-10-19,2016,5,1
14370,41.1909,-73.4297,2016-10-19,2016,5,1
14172,41.4131,-73.2823,2016-10-21,2016,4,1
15689,41.4959,-72.4599,2016-10-24,2016,3,1
16860,41.5111,-72.4375,2016-10-24,2016,3,1
14221,41.3278,-72.6116,2016-10-25,2016,3,1
19025,41.382789,-72.552639,2016-10-25,2016,4,1
14458,41.4389,-73.401,2016-10-26,2016,5,1
14471,41.6664,-73.5119,2016-10-26,2016,4,1
14740,41.512349,-73.52695,2016-10-26,2016,3,1
15581,41.4597,-73.3275,2016-10-26,2016,3,1
14711,41.484262,-73.258547,2016-10-31,2016,5,1
14712,41.484,-73.2584,2016-10-31,2016,4,1
19121,41.48494,-73.19425,2016-10-31,2016,3,1
14445,41.1693,-73.367,2016-11-02,2016,4,1
15239,41.0995,-73.6832,2016-11-02,2016,4,1
15357,41.1457,-73.3012,2016-11-02,2016,5,1
15886,41.6475,-73.4838,2016-11-02,2016,4,1
14470,41.8272,-72.464,2017-10-03,2017,3,1
14581,41.9423,-72.3058,2017-10-03,2017,4,1
14584,41.904,-72.2891,2017-10-03,2017,3,1
19639,41.76335,-72.39306,2017-10-03,2017,4,1
19644,41.893756,-72.232191,2017-10-03,2017,4,1
14413,41.528244,-72.856272,2017-10-04,2017,5,1
14414,41.4501,-72.8407,2017-10-04,2017,5,1
19698,41.286443,-72.9741,2017-10-04,2017,5,1
19699,41.066398,-73.55384,2017-10-04,2017,5,1
14197,41.7508,-72.8717,2017-10-05,2017,4,1
14390,41.6742,-72.9619,2017-10-05,2017,4,1
14392,41.6738,-72.8977,2017-10-05,2017,5,1
14461,41.9685,-73.0331,2017-10-06,2017,4,1
15240,42.0356,-72.9384,2017-10-06,2017,3,1
15825,41.9168,-72.989,2017-10-06,2017,4,1
14706,41.3928,-71.9604,2017-10-10,2017,4,1
15796,41.4748,-71.8342,2017-10-10,2017,3,1
14316,41.6159,-73.0579,2017-10-11,2017,5,1
14317,41.4435,-73.0642,2017-10-11,2017,5,1
14456,41.5805,-73.0703,2017-10-11,2017,5,1
14800,41.6105,-73.1153,2017-10-11,2017,4,1
19693,41.68184,-73.0163,2017-10-11,2017,5,1
14410,42.022,-71.9528,2017-10-12,2017,4,1
14444,41.2945,-73.3948,2017-10-13,2017,3,1
14458,41.4389,-73.401,2017-10-13,2017,5,1
19682,41.406776,-73.144739,2017-10-13,2017,3,1
14314,41.8008,-72.1182,2017-10-16,2017,3,1
15020,41.43,-72.3392,2017-10-16,2017,4,1
16139,41.9267,-73.2799,2017-10-16,2017,3,1
19681,41.697255,-72.084129,2017-10-16,2017,4,1
19696,42.03433,-73.268021,2017-10-16,2017,3,1
14605,41.5908,-72.9009,2017-10-17,2017,4,1
15479,41.5996,-72.8854,2017-10-17,2017,5,1
15499,41.94096,-72.834302,2017-10-17,2017,4,1
19655,41.991852,-72.810504,2017-10-17,2017,4,1
15530,41.5575,-73.2155,2017-10-18,2017,4,1
16110,41.6615,-72.5365,2017-10-19,2017,4,1
16119,41.5623,-72.4338,2017-10-19,2017,3,1
16962,41.799811,-72.964813,2017-11-02,2017,4,1
19657,41.786255,-72.964622,2017-11-02,2017,4,1
14581,41.9423,-72.3058,2018-10-01,2018,4,1
15092,41.8335,-72.2429,2018-10-01,2018,3,1
19938,41.64057,-72.33888,2018-10-01,2018,5,1
14720,41.4568,-71.8169,2018-10-02,2018,3,1
15796,41.4748,-71.8342,2018-10-02,2018,3,1
16124,41.938249,-73.321123,2018-10-05,2018,3,1
16139,41.9267,-73.2799,2018-10-05,2018,3,1
16370,41.7807,-72.963,2018-10-05,2018,3,1
16110,41.6615,-72.5365,2018-10-09,2018,4,1
16119,41.5623,-72.4338,2018-10-09,2018,2,1
16127,41.864151,-73.167442,2018-10-09,2018,2,1
19940,41.800009,-73.37902,2018-10-09,2018,3,1
14410,42.022,-71.9528,2018-10-10,2018,4,1
14451,41.7002,-72.1823,2018-10-10,2018,4,1
19933,41.40193,-72.04427,2018-10-10,2018,3,1
14740,41.512349,-73.52695,2018-10-11,2018,3,1
19957,41.651682,-73.44668,2018-10-11,2018,4,1
14458,41.4389,-73.401,2018-10-15,2018,5,1
19956,41.391945,-73.390853,2018-10-15,2018,4,1
14413,41.528244,-72.856272,2018-10-16,2018,5,1
14414,41.4501,-72.8407,2018-10-16,2018,5,1
14605,41.5908,-72.9009,2018-10-16,2018,5,1
15479,41.5996,-72.8854,2018-10-16,2018,5,1
14450,41.5489,-73.3308,2018-10-17,2018,4,1
14456,41.5805,-73.0703,2018-10-17,2018,5,1
14461,41.9685,-73.0331,2018-10-17,2018,3,1
15530,41.5575,-73.2155,2018-10-17,2018,4,1
16335,41.5783,-73.1745,2018-10-17,2018,3,1
14392,41.6738,-72.8977,2018-10-19,2018,5,1
15274,41.384,-72.988,2018-10-19,2018,4,1
14317,41.4435,-73.0642,2018-10-22,2018,5,1
14332,41.5002,-73.0503,2018-10-22,2018,5,1
14825,41.6743,-73.0695,2018-10-22,2018,5,1
16050,41.7485,-73.1129,2018-10-22,2018,5,1
14197,41.7508,-72.8717,2018-10-23,2018,4,1
14581,41.9423,-72.3058,2019-10-01,2019,4,1
18921,41.60567,-73.33967,2019-10-01,2019,3,1
14316,41.6159,-73.0579,2019-10-02,2019,5,1
14825,41.6743,-73.0695,2019-10-02,2019,5,1
15301,41.8067,-72.2646,2019-10-02,2019,5,1
15783,41.7882,-72.2776,2019-10-02,2019,4,1
20127,41.670147,-72.969139,2019-10-02,2019,4,1
16139,41.9267,-73.2799,2019-10-03,2019,3,1
16649,41.2633,-73.1047,2019-10-03,2019,5,1
20129,41.899369,-73.264893,2019-10-03,2019,3,1
17366,41.6125,-72.4741,2019-10-04,2019,4,1
20206,41.578831,-72.369716,2019-10-04,2019,2,1
14720,41.4568,-71.8169,2019-10-07,2019,3,1
15796,41.4748,-71.8342,2019-10-07,2019,3,1
20251,41.5213,-72.4386,2019-10-07,2019,2,1
14360,41.2675,-73.4414,2019-10-08,2019,5,1
14361,41.1359,-73.426,2019-10-08,2019,5,1
14370,41.1909,-73.4297,2019-10-08,2019,5,1
15294,41.1954,-73.4321,2019-10-08,2019,5,1
16788,41.092,-73.4397,2019-10-08,2019,5,1
14263,41.5681,-72.1702,2019-10-09,2019,5,1
18818,41.453235,-72.338713,2019-10-15,2019,3,1
20122,41.970555,-73.294686,2019-10-15,2019,2,1
20124,41.916858,-73.115359,2019-10-15,2019,3,1
20325,41.67156,-72.837725,2020-10-20,2020,5,1
14456,41.5805,-73.0703,2020-10-21,2020,5,1
14799,41.6042,-73.1127,2020-10-21,2020,5,1
20318,41.762732,-73.110034,2020-10-22,2020,3,1
14711,41.484262,-73.258547,2020-10-26,2020,4,1
15996,41.561,-73.3134,2020-10-26,2020,4,1
20324,41.5965,-73.347069,2020-10-26,2020,4,1
20232,41.53936,-72.798747,2020-10-27,2020,5,1
14360,41.2675,-73.4414,2020-10-28,2020,5,1
14361,41.1359,-73.426,2020-10-28,2020,5,1
14366,41.246,-73.4341,2020-10-28,2020,4,1
14556,41.1361,-73.4346,2020-10-28,2020,5,1
15079,41.2574,-73.429,2020-10-28,2020,5,1
17012,41.0886,-73.6272,2020-10-28,2020,5,1
